Uniform Crime Reporting Statistics - UCR Data Online,,,,,,,
http://www.ucrdatatool.gov/,,,,,,,
,,,,,,,
Estimated crime in Alabama,,,,,,,
,,,,,,,
,,"Crime rate per 100,000 population",,,,,
,,,,,,,
,,Violent crime,,,,,
,,,,,,,
Year,Population,Violent Crime rate,Murder and nonnegligent manslaughter rate,Legacy rape rate /1,Revised rape rate /2,Robbery rate,Aggravated assault rate
2000,4447100,486.2,7.4,33.3,,128.2,317.2
2001,4468912,438.2,8.5,30.6,,125,274.1
2002,4478896,445,6.8,37.2,,133.1,268
2003,4503726,429.2,6.6,36.8,,134.1,251.7
2004,4525375,427,5.6,38.5,,133.5,249.4
2005,4548327,433,8.2,34.4,,141.7,248.3
2006,4599030,425.2,8.3,35.8,,153.6,227.5
2007,4627851,448.9,8.9,33.4,,159.9,246.7
2008,4661900,452.8,7.5,34.7,,157.6,253
2009,4708708,450.1,6.8,31.9,,133.1,278.3
2010,4785401,383.7,5.7,28.3,,101.6,248
2011,4803689,419.8,6.2,28.5,,102.1,282.9
2012,4817528,450.3,7.1,26.9,,104.2,312.1
2013,4833996,431,7.2,30,42.5,96.1,285.2
2014,4849377,427.4,5.7,29.6,41.3,96.9,283.4
,,,,,,,
Estimated crime in Alaska,,,,,,,
,,,,,,,
,,"Crime rate per 100,000 population",,,,,
,,,,,,,
,,Violent crime,,,,,
,,,,,,,
Year,Population,Violent Crime rate,Murder and nonnegligent manslaughter rate,Legacy rape rate /1,Revised rape rate /2,Robbery rate,Aggravated assault rate
2000,626932,566.9,4.3,79.3,,78.2,405.1
2001,633630,589.5,6.2,79.1,,81.1,423.1
2002,641482,565.4,5.1,79.7,,76.2,404.4
2003,648280,598,6,93.3,,68.8,429.9
2004,657755,632.3,5.6,84.8,,68,473.9
2005,663253,632,4.8,81.1,,81,465.4
2006,670053,688,5.4,76.4,,89.5,516.7
2007,683478,661.3,6.3,79.7,,85,490.3
2008,686293,652.1,3.9,65.1,,94,489
2009,698473,633.4,3.1,73.4,,93.6,463.2
2010,714146,635.3,4.3,74.6,,83.2,473.2
2011,723860,610.1,4.1,60.2,,79.6,466.1
2012,730307,604.1,4.1,79.8,,86.3,433.9
2013,737259,638.7,4.6,89.1,125.5,84.5,424.1
2014,736732,635.8,5.6,75.3,104.7,85.4,440.2
,,,,,,,
Estimated crime in Arizona,,,,,,,
,,,,,,,
,,"Crime rate per 100,000 population",,,,,
,,,,,,,
,,Violent crime,,,,,
,,,,,,,
Year,Population,Violent Crime rate,Murder and nonnegligent manslaughter rate,Legacy rape rate /1,Revised rape rate /2,Robbery rate,Aggravated assault rate
2000,5130632,531.7,7,30.7,,146.3,347.7
2001,5306966,540.3,7.5,28.6,,167.1,337.1
2002,5441125,554.5,7.1,29.6,,147,370.8
2003,5579222,513.3,7.9,33.3,,136.6,335.6
2004,5739879,504.4,7.2,33,,134.5,329.6
2005,5953007,512,7.5,33.7,,144.1,326.7
2006,6166318,542.6,8.6,39.7,,153.9,340.3
2007,6338755,518,8.6,37.1,,154,318.2
2008,6500180,485.6,7.1,33.8,,150.9,293.8
2009,6595778,426.5,5.8,34.6,,124.3,261.8
2010,6413158,413.6,6.4,34.2,,108.4,264.7
2011,6467315,414.2,6.1,38.6,,110.5,259
2012,6551149,428.6,5.5,34.8,,112.7,275.6
2013,6634997,415.6,5.4,35.3,47.8,100.3,262.1
2014,6731484,399.9,4.7,36.6,50.2,92.8,252.1
,,,,,,,
Estimated crime in Arkansas,,,,,,,
,,,,,,,
,,"Crime rate per 100,000 population",,,,,
,,,,,,,
,,Violent crime,,,,,
,,,,,,,
Year,Population,Violent Crime rate,Murder and nonnegligent manslaughter rate,Legacy rape rate /1,Revised rape rate /2,Robbery rate,Aggravated assault rate
2000,2673400,445.3,6.3,31.7,,74.8,332.4
2001,2694698,452.4,5.5,33.1,,80.9,332.8
2002,2706268,425,5.2,27.9,,93.3,298.6
2003,2727774,456.4,6.6,33.4,,81.6,334.7
2004,2750000,502.3,6.4,43,,86.3,366.7
2005,2775708,528,6.8,43.3,,91.2,387.2
2006,2810872,552.8,7.3,47.1,,97.8,400.6
2007,2834797,537.1,7,45.6,,109.5,374.9
2008,2855390,513,5.8,51.2,,97.3,358.8
2009,2889450,515.8,6.2,47.7,,89.2,372.8
2010,2921588,503.5,4.6,45.2,,81.1,372.6
2011,2938582,482.3,5.4,41.9,,80.2,354.8
2012,2949828,469.6,5.9,41.8,,78.3,343.5
2013,2958765,463.2,5.3,38.4,50.4,76.4,331.1
2014,2966369,480.1,5.6,39.8,59.4,69.1,346
,,,,,,,
Estimated crime in California,,,,,,,
,,,,,,,
,,"Crime rate per 100,000 population",,,,,
,,,,,,,
,,Violent crime,,,,,
,,,,,,,
Year,Population,Violent Crime rate,Murder and nonnegligent manslaughter rate,Legacy rape rate /1,Revised rape rate /2,Robbery rate,Aggravated assault rate
2000,33871648,621.6,6.1,28.9,,177.9,408.7
2001,34600463,615.2,6.4,28.8,,186.7,393.3
2002,35001986,595.4,6.8,29.1,,185.6,373.8
2003,35462712,579.6,6.8,28.2,,179.8,364.8
2004,35842038,527.8,6.7,26.8,,172.3,322
2005,36154147,526,6.9,26,,176,317.1
2006,36457549,533.5,6.8,25.3,,195.1,306.2
2007,36553215,524.1,6.2,24.7,,193.4,299.7
2008,36756666,504.2,5.8,24.2,,188.8,285.4
2009,36961664,473.3,5.3,23.6,,173.4,271
2010,37338198,439.6,4.8,22.3,,155.6,256.8
2011,37683933,411.2,4.8,20.3,,144.1,242
2012,37999878,423.5,5,20.6,,148.7,249.2
2013,38431393,402.6,4.5,19.4,26.9,139.6,231.7
2014,38802500,396.1,4.4,21.6,29.7,125.5,236.6
,,,,,,,
Estimated crime in Colorado,,,,,,,
,,,,,,,
,,"Crime rate per 100,000 population",,,,,
,,,,,,,
,,Violent crime,,,,,
,,,,,,,
Year,Population,Violent Crime rate,Murder and nonnegligent manslaughter rate,Legacy rape rate /1,Revised rape rate /2,Robbery rate,Aggravated assault rate
2000,4301261,334,3.1,41.2,,70.5,219.1
2001,4430989,349.6,3.6,43.6,,80.2,222.3
2002,4501051,352.9,4,45.9,,79.5,223.5
2003,4547633,346.5,4.1,42.1,,82.2,218.2
2004,4601821,372,4.4,42.3,,81.3,244.2
2005,4663295,397,3.7,43.4,,84.7,264.9
2006,4753377,395.4,3.6,45.4,,80.4,265.9
2007,4861515,351.8,3.2,42.7,,71.2,234.7
2008,4939456,353.9,3.3,43.5,,68.9,238.1
2009,5024748,338.8,3.2,45.2,,67.1,223.4
2010,5047692,323.7,2.6,44.2,,62.7,214.3
2011,5116302,314.4,3,44.7,,64.5,202.2
2012,5189458,307.4,2.9,40.9,,65.4,198.2
2013,5272086,305.4,3.3,41.7,56.2,59.5,186.4
2014,5355866,309.1,2.8,39.6,56.7,56.7,192.8
,,,,,,,
Estimated crime in Connecticut,,,,,,,
,,,,,,,
,,"Crime rate per 100,000 population",,,,,
,,,,,,,
,,Violent crime,,,,,
,,,,,,,
Year,Population,Violent Crime rate,Murder and nonnegligent manslaughter rate,Legacy rape rate /1,Revised rape rate /2,Robbery rate,Aggravated assault rate
2000,3405565,324.7,2.9,19.9,,112.5,189.4
2001,3434602,334.6,3.1,18.6,,121.8,191.1
2002,3458587,312.5,2.4,21.4,,117.6,171
2003,3486960,316.8,3.2,20,,120.8,172.7
2004,3498966,289,2.9,21.6,,119.7,144.9
2005,3500701,273,3,20.3,,112.3,136.9
2006,3504809,299.7,3.9,19.9,,127.3,148.7
2007,3502309,301.1,3.2,19.7,,122.9,155.4
2008,3501252,306.7,3.8,19.4,,115.5,168
2009,3518288,300.9,3,18.7,,113.7,165.5
2010,3575498,282,3.7,16.6,,99.4,162.3
2011,3586717,275.7,3.6,19.2,,102.9,150.1
2012,3591765,283.5,3.3,26,,103.3,151
2013,3599341,262.2,2.5,18,24.8,98.7,136.3
2014,3596677,236.9,2.4,15.9,21.7,87.8,125
,,,,,,,
Estimated crime in Delaware,,,,,,,
,,,,,,,
,,"Crime rate per 100,000 population",,,,,
,,,,,,,
,,Violent crime,,,,,
,,,,,,,
Year,Population,Violent Crime rate,Murder and nonnegligent manslaughter rate,Legacy rape rate /1,Revised rape rate /2,Robbery rate,Aggravated assault rate
2000,783600,684.4,3.2,54.1,,177.9,449.2
2001,796599,611.1,2.9,52.7,,145.1,410.4
2002,805945,600,3.2,44.4,,143.2,409.2
2003,818166,675.3,2.6,45.2,,176.1,451.4
2004,830069,615,3.4,43,,161.8,406.8
2005,841741,633,4.4,44.8,,155.2,429.1
2006,853476,701,4.9,48.9,,209.8,437.4
2007,864764,705.4,4.5,39.4,,203.9,457.6
2008,873092,708.6,6.5,42.5,,211.5,448.1
2009,885122,645.4,4.6,44.6,,189.8,406.4
2010,899792,623.3,5.7,36.2,,204.4,377
2011,908137,566.4,5.3,33.8,,171.6,355.8
2012,917053,550.5,6.1,27.2,,163.3,353.9
2013,925240,500.7,4.4,30,43.1,133.3,319.9
2014,935614,489.1,5.8,26.6,41.3,135.6,306.4
,,,,,,,
Estimated crime in District of Columbia,,,,,,,
,,,,,,,
,,"Crime rate per 100,000 population",,,,,
,,,,,,,
,,Violent crime,,,,,
,,,,,,,
Year,Population,Violent Crime rate,Murder and nonnegligent manslaughter rate,Legacy rape rate /1,Revised rape rate /2,Robbery rate,Aggravated assault rate
2000,572059,1507.9,41.8,43.9,,621.3,801
2001,573822,1602.4,40.3,31.5,,658.7,871.9
2002,569157,1637.9,46.4,46,,673.6,871.8
2003,557620,1624.9,44.7,49.1,,706.8,824.4
2004,554239,1369.4,35.7,40.1,,577.7,715.9
2005,582049,1380,33.5,28.5,,635.7,682.2
2006,581530,1508.4,29.1,31.8,,658.4,789.1
2007,588292,1415.1,30.8,32.6,,725,626.7
2008,591833,1437.7,31.4,31.4,,748.5,626.4
2009,599657,1348.9,24.2,25,,734.4,565.3
2010,604912,1326.8,21.8,30.9,,715,559.1
2011,619020,1200.8,17.4,27.9,,661.4,494
2012,633427,1241.8,13.9,37.3,,637.3,553.3
2013,649111,1296.4,15.9,45.8,60.9,628.9,590.8
2014,658893,1244.4,15.9,53.4,71.6,530.7,626.1
,,,,,,,
Estimated crime in Florida,,,,,,,
,,,,,,,
,,"Crime rate per 100,000 population",,,,,
,,,,,,,
,,Violent crime,,,,,
,,,,,,,
Year,Population,Violent Crime rate,Murder and nonnegligent manslaughter rate,Legacy rape rate /1,Revised rape rate /2,Robbery rate,Aggravated assault rate
2000,15982378,812,5.6,44.2,,199,563.2
2001,16373330,798.3,5.3,40.6,,200.7,551.7
2002,16691701,771.2,5.5,40.5,,195.2,530.1
2003,16999181,731.1,5.4,39.6,,185.4,500.6
2004,17385430,711.8,5.4,38,,172.5,495.8
2005,17768191,709,5,37.1,,169.6,497.2
2006,18089888,716.4,6.2,35.8,,188.8,485.6
2007,18251243,722.6,6.6,33.7,,209.1,473.2
2008,18328340,688.9,6.4,32.6,,197.9,452
2009,18537969,612.5,5.5,29.7,,166.7,410.6
2010,18838613,541.3,5.2,28.5,,138.5,369
2011,19082262,514.6,5.2,27.6,,134.3,347.5
2012,19320749,487,5.2,27.2,,123.6,330.9
2013,19600311,469.3,5,24.3,34.5,118.4,311.5
2014,19893297,540.5,5.8,30.4,43,125.2,366.4
,,,,,,,
Estimated crime in Georgia,,,,,,,
,,,,,,,
,,"Crime rate per 100,000 population",,,,,
,,,,,,,
,,Violent crime,,,,,
,,,,,,,
Year,Population,Violent Crime rate,Murder and nonnegligent manslaughter rate,Legacy rape rate /1,Revised rape rate /2,Robbery rate,Aggravated assault rate
2000,8186453,504.7,8,24,,161.9,310.9
2001,8405677,495.7,7.1,25.9,,171.3,291.4
2002,8544005,459.6,7.1,24.7,,157.2,270.7
2003,8676460,454.5,7.6,25.7,,161.9,259.3
2004,8918129,451,6.9,26.8,,153.1,264.2
2005,9132553,446,6.2,23.5,,153.7,262.5
2006,9363941,477.9,6.5,23.2,,165.6,282.7
2007,9544750,491.5,7.5,23,,181.2,279.8
2008,9685744,488.9,6.6,24.1,,183.9,274.3
2009,9829211,428,5.8,23.6,,148.9,249.8
2010,9712157,402.3,5.7,21.7,,127.4,247.5
2011,9812460,374.6,5.6,21.1,,125,223
2012,9915646,380,5.9,21.6,,126.1,226.4
2013,9994759,375.4,5.6,20.2,28.9,127.1,213.7
2014,10097343,377.3,5.7,21.4,30.2,123,218.4
,,,,,,,
Estimated crime in Hawaii,,,,,,,
,,,,,,,
,,"Crime rate per 100,000 population",,,,,
,,,,,,,
,,Violent crime,,,,,
,,,,,,,
Year,Population,Violent Crime rate,Murder and nonnegligent manslaughter rate,Legacy rape rate /1,Revised rape rate /2,Robbery rate,Aggravated assault rate
2000,1211537,243.8,2.9,28.6,,92.7,119.7
2001,1227024,254,2.6,33.3,,93.1,125
2002,1240663,262.9,1.9,30,,97.5,133.5
2003,1248755,272.3,1.8,29.4,,93.5,147.6
2004,1262124,254.6,2.6,26.4,,74.8,150.8
2005,1273278,256,1.9,26.9,,78.6,148
2006,1285498,280.7,1.6,27.5,,89,162.6
2007,1283388,276.1,1.9,29.4,,87.4,157.5
2008,1288198,272.5,2,28.2,,84.2,158.1
2009,1295178,274.1,1.8,29.7,,79.5,163.1
2010,1363359,264.3,1.8,27.7,,78.1,156.7
2011,1378129,251.4,1.5,25.6,,72.1,152.2
2012,1390090,243,1.5,20.1,,80.9,140.5
2013,1408987,254.4,2.3,26,36.1,66.3,149.8
2014,1419561,259.2,1.8,22.1,31.3,78,148.1
,,,,,,,
Estimated crime in Idaho,,,,,,,
,,,,,,,
,,"Crime rate per 100,000 population",,,,,
,,,,,,,
,,Violent crime,,,,,
,,,,,,,
Year,Population,Violent Crime rate,Murder and nonnegligent manslaughter rate,Legacy rape rate /1,Revised rape rate /2,Robbery rate,Aggravated assault rate
2000,1293953,252.5,1.2,29.7,,17.2,204.3
2001,1320585,243.1,2.3,32.2,,18.6,190.1
2002,1343124,254.6,2.7,37,,17.9,197
2003,1367034,245.9,1.9,39.1,,17.9,187
2004,1395140,247.4,2.2,42.6,,17.3,185.4
2005,1429367,257,2.4,40.4,,18.6,195.3
2006,1466465,250,2.4,41.7,,20,185.9
2007,1499402,256.2,3.3,40.5,,16.2,196.2
2008,1523816,241.5,1.5,38,,15.7,186.3
2009,1545801,246.2,1.6,37.2,,16.4,191
2010,1571102,220.5,1.4,33.9,,13.6,171.6
2011,1583744,202.2,2.2,28,,11.9,160.1
2012,1595590,209.8,1.9,31,,15.2,161.7
2013,1612843,215.2,1.8,32,41.8,13.6,158
2014,1634464,212.2,2,28.6,37.3,12.5,160.5
,,,,,,,
Estimated crime in Illinois,,,,,,,
,,,,,,,
,,"Crime rate per 100,000 population",,,,,
,,,,,,,
,,Violent crime,,,,,
,,,,,,,
Year,Population,Violent Crime rate,Murder and nonnegligent manslaughter rate,Legacy rape rate /1,Revised rape rate /2,Robbery rate,Aggravated assault rate
2000,12419293,653.8,7.2,31.6,,206.5,408.5
2001,12520227,633.1,7.8,32,,199.1,394.1
2002,12586447,601.9,7.6,34.7,,201.1,358.4
2003,12649087,556.4,7.1,33.1,,188,328.1
2004,12712016,545.7,6.1,33.2,,177.6,328.7
2005,12765427,552,6,33.8,,182.2,330.3
2006,12831970,541.6,6.1,31.8,,185.3,318.4
2007,12852548,533.2,5.9,31.9,,179.7,315.7
2008,12901563,525.4,6.1,31.9,,186.4,300.9
2009,12910409,497.2,6,30.2,,177.6,283.4
2010,12841980,444.9,5.5,23.9,,158.7,256.8
2011,12859752,424,6.1,23.6,,157.2,237.1
2012,12868192,416.2,6,27.8,,151.4,231
2013,12890552,403.1,5.6,30.2,41.4,137.6,218.5
2014,12880580,370,5.3,23.9,32.3,118.8,213.7
,,,,,,,
Estimated crime in Indiana,,,,,,,
,,,,,,,
,,"Crime rate per 100,000 population",,,,,
,,,,,,,
,,Violent crime,,,,,
,,,,,,,
Year,Population,Violent Crime rate,Murder and nonnegligent manslaughter rate,Legacy rape rate /1,Revised rape rate /2,Robbery rate,Aggravated assault rate
2000,6080485,349.1,5.8,28.9,,103.3,211.1
2001,6126743,371.1,6.7,28,,117,219.3
2002,6156913,357.3,5.9,29.9,,107.4,214.1
2003,6199571,352.3,5.5,27.7,,103.2,215.9
2004,6226537,325.9,5.1,29,,102.4,189.5
2005,6266019,324,5.7,29.6,,108.7,180
2006,6313520,321.6,5.7,28.7,,113.6,173.5
2007,6345289,335.8,5.5,27.4,,123.6,179.3
2008,6376792,337.6,5,26.8,,118.9,186.8
2009,6423113,334,4.9,25.2,,114.4,189.5
2010,6490622,323.3,4.1,27.1,,101.1,191
2011,6516353,331.8,4.7,27,,107.1,193
2012,6537782,344.8,4.7,25.4,,101,213.8
2013,6570713,359.6,5.4,24.7,34.1,108.3,211.8
2014,6596855,365.3,5,24.5,33.1,104.5,222.6
,,,,,,,
Estimated crime in Iowa,,,,,,,
,,,,,,,
,,"Crime rate per 100,000 population",,,,,
,,,,,,,
,,Violent crime,,,,,
,,,,,,,
Year,Population,Violent Crime rate,Murder and nonnegligent manslaughter rate,Legacy rape rate /1,Revised rape rate /2,Robbery rate,Aggravated assault rate
2000,2926324,266.4,1.6,23.1,,36.6,205.1
2001,2931967,268.2,1.7,22.1,,39.4,205.1
2002,2935840,285.7,1.5,27.1,,39.8,217.2
2003,2941976,277.9,1.7,27.1,,38.4,210.7
2004,2952904,287.8,1.5,26.5,,39.3,220.6
2005,2965524,293,1.3,28.6,,38.9,224.5
2006,2982085,285.7,1.8,29.2,,43.9,210.8
2007,2988046,300.2,1.3,32.5,,44.4,222
2008,3002555,288.1,2.6,31.2,,41.6,212.8
2009,3007856,282.1,1.3,29.6,,39.9,211.3
2010,3050202,268.5,1.2,28.9,,33.2,205.2
2011,3064097,257.3,1.4,28.3,,26.9,200.7
2012,3075039,265.6,1.6,29.3,,31.3,203.4
2013,3092341,273,1.3,28.2,36.6,30.3,204.8
2014,3107126,273.5,1.9,26.6,36.3,33.6,201.6
,,,,,,,
Estimated crime in Kansas,,,,,,,
,,,,,,,
,,"Crime rate per 100,000 population",,,,,
,,,,,,,
,,Violent crime,,,,,
,,,,,,,
Year,Population,Violent Crime rate,Murder and nonnegligent manslaughter rate,Legacy rape rate /1,Revised rape rate /2,Robbery rate,Aggravated assault rate
2000,2688418,389.4,6.3,38,,76.2,269
2001,2702125,403.7,3.4,35,,89.7,275.7
2002,2711769,377.2,2.9,38.2,,79.8,256.3
2003,2724786,397.5,4.6,39.8,,82.5,270.6
2004,2733697,377.9,4.5,41.8,,66.3,265.4
2005,2748172,389,3.7,40,,65.3,280.4
2006,2764075,432.7,4.5,46.3,,67.9,314
2007,2775997,458.6,3.8,46.4,,72.8,335.6
2008,2802134,412.3,4,43.8,,60,304.6
2009,2818747,406.6,4.4,41.8,,63.4,296.9
2010,2859143,370.8,3.4,40.1,,53.8,273.5
2011,2870386,355.7,3.9,39.1,,50.4,262.3
2012,2885398,356.7,2.9,38.3,,51.7,263.7
2013,2895801,342.8,4,34.6,44.7,46.2,247.8
2014,2904021,348.6,3.1,37,48.6,46.9,250
,,,,,,,
Estimated crime in Kentucky,,,,,,,
,,,,,,,
,,"Crime rate per 100,000 population",,,,,
,,,,,,,
,,Violent crime,,,,,
,,,,,,,
Year,Population,Violent Crime rate,Murder and nonnegligent manslaughter rate,Legacy rape rate /1,Revised rape rate /2,Robbery rate,Aggravated assault rate
2000,4041769,294.5,4.8,27,,80.6,182.2
2001,4068816,258.3,4.4,25.8,,80.3,147.7
2002,4089822,271.4,4.7,26.6,,76.6,163.6
2003,4118189,248.5,4.4,27.3,,78.3,138.5
2004,4141835,245.1,5.7,29.9,,78.9,130.6
2005,4172608,267,4.6,34.1,,88.4,139.8
2006,4206074,270.1,4.1,31.2,,91.5,143.3
2007,4241474,290.7,4.9,32.2,,95.9,157.7
2008,4269245,297.2,4.7,34.1,,95.6,162.8
2009,4314113,255,4.3,35.5,,84.4,130.8
2010,4347223,243.9,4.3,33.1,,86.2,120.3
2011,4366814,239.6,3.5,34.3,,84.8,117
2012,4379730,224.9,4.6,30,,81,109.4
2013,4399583,210.9,3.9,21.6,37.4,73.8,95.8
2014,4413457,211.6,3.6,20,32.6,75.6,99.8
,,,,,,,
Estimated crime in Louisiana,,,,,,,
,,,,,,,
,,"Crime rate per 100,000 population",,,,,
,,,,,,,
,,Violent crime,,,,,
,,,,,,,
Year,Population,Violent Crime rate,Murder and nonnegligent manslaughter rate,Legacy rape rate /1,Revised rape rate /2,Robbery rate,Aggravated assault rate
2000,4468976,681.1,12.5,33.5,,168.5,466.6
2001,4470368,686.3,11.2,31.4,,175.9,467.7
2002,4476192,663.3,13.2,34.2,,159.1,456.7
2003,4493665,636.9,13,35.6,,156,432.4
2004,4506685,640,12.7,35.9,,145.7,445.8
2005,4507331,597,10,31.5,,118.4,436.6
2006,4287768,721.2,12.9,37,,138.3,533
2007,4293204,740.4,14.6,33.2,,147.1,545.5
2008,4410796,671.4,12.3,28.3,,141.5,489.2
2009,4492076,642.9,11.8,30.1,,136.9,464.1
2010,4545343,555.3,11,27.1,,116.5,400.7
2011,4574766,554.6,11.1,27.6,,114.4,401.6
2012,4602134,496.3,10.6,25.1,,118.6,342
2013,4629284,521.2,10.7,27,38.1,119.7,352.8
2014,4649676,514.7,10.3,21.3,29.6,122.5,352.4
,,,,,,,
Estimated crime in Maine,,,,,,,
,,,,,,,
,,"Crime rate per 100,000 population",,,,,
,,,,,,,
,,Violent crime,,,,,
,,,,,,,
Year,Population,Violent Crime rate,Murder and nonnegligent manslaughter rate,Legacy rape rate /1,Revised rape rate /2,Robbery rate,Aggravated assault rate
2000,1274923,109.6,1.2,25.1,,19.4,63.9
2001,1284470,111.7,1.5,25.4,,20.6,64.3
2002,1294894,107.8,1.1,29.1,,20.9,56.8
2003,1309205,108.6,1.2,27,,22.1,58.3
2004,1314985,103.7,1.4,24,,22,56.4
2005,1318220,112,1.4,24.7,,24.5,61.8
2006,1321574,116,1.7,25.8,,29,59.5
2007,1317207,118.8,1.5,29.8,,26.5,61
2008,1316456,119.4,2.4,28.8,,25.3,63
2009,1318301,119.9,2,28.4,,30.3,59.2
2010,1327379,122.1,1.8,29.3,,31,60
2011,1328544,123.3,2,29.7,,27.9,63.8
2012,1328501,122.4,2,28,,31.6,60.8
2013,1328702,132.5,1.8,27.5,37.3,25.2,68.3
2014,1330089,127.8,1.6,27.1,36.5,22.9,66.9
,,,,,,,
Estimated crime in Maryland,,,,,,,
,,,,,,,
,,"Crime rate per 100,000 population",,,,,
,,,,,,,
,,Violent crime,,,,,
,,,,,,,
Year,Population,Violent Crime rate,Murder and nonnegligent manslaughter rate,Legacy rape rate /1,Revised rape rate /2,Robbery rate,Aggravated assault rate
2000,5296486,786.6,8.1,29.1,,256,493.3
2001,5386079,781.4,8.3,26.9,,251.1,495.1
2002,5450525,770.8,9.4,25.1,,246.2,490.1
2003,5512310,703.5,9.5,24.6,,241.3,428
2004,5561332,700.6,9.4,23.7,,229.7,437.9
2005,5589599,704,9.9,22.6,,257.2,414.6
2006,5615727,678.6,9.7,21,,256,392
2007,5618344,641.9,9.9,21,,236,375.1
2008,5633597,628.2,8.8,20,,234.4,365.1
2009,5699478,590,7.7,20.3,,210.7,351.3
2010,5785681,546.3,7.4,21.2,,191.1,326.7
2011,5839572,493.5,6.8,20.5,,177.1,289
2012,5884868,477.3,6.3,21,,172.9,277
2013,5938737,475.4,6.5,19.9,28.3,169.2,271.5
2014,5976407,446.1,6.1,19.1,27.1,159.7,253.2
,,,,,,,
Estimated crime in Massachusetts,,,,,,,
,,,,,,,
,,"Crime rate per 100,000 population",,,,,
,,,,,,,
,,Violent crime,,,,,
,,,,,,,
Year,Population,Violent Crime rate,Murder and nonnegligent manslaughter rate,Legacy rape rate /1,Revised rape rate /2,Robbery rate,Aggravated assault rate
2000,6349097,476.1,2,26.7,,91.6,355.9
2001,6401164,477.8,2.2,29,,101.2,345.4
2002,6421800,484.9,2.7,27.7,,111.6,342.9
2003,6420357,473.1,2.2,28.8,,124.8,317.4
2004,6407382,460.2,2.7,28,,116.8,312.8
2005,6433367,461,2.8,27.2,,121.8,309
2006,6437193,500.5,2.9,27.5,,125.5,344.5
2007,6449755,441.7,2.9,25.5,,108.9,304.4
2008,6497967,463.8,2.6,26.9,,108.9,325.4
2009,6593587,462.6,2.6,26.3,,113.2,320.4
2010,6555466,468.9,3.3,27.2,,105.2,333.2
2011,6607003,427.3,2.8,25,,102.4,297
2012,6645303,407,1.8,24.8,,98.6,281.7
2013,6708874,406.4,2.1,25.7,34.3,99.9,270.1
2014,6745408,391.4,2,24.1,32.3,89.5,267.6
,,,,,,,
Estimated crime in Michigan,,,,,,,
,,,,,,,
,,"Crime rate per 100,000 population",,,,,
,,,,,,,
,,Violent crime,,,,,
,,,,,,,
Year,Population,Violent Crime rate,Murder and nonnegligent manslaughter rate,Legacy rape rate /1,Revised rape rate /2,Robbery rate,Aggravated assault rate
2000,9938444,555,6.7,50.6,,138,359.7
2001,10006266,553.9,6.7,52.6,,129.3,365.3
2002,10043221,540.7,6.8,53.4,,118,362.6
2003,10082364,511.3,6.1,54.3,,111.6,339.3
2004,10104206,492.2,6.4,54.3,,112.2,319.4
2005,10100833,554,6.2,51.5,,132.1,363.9
2006,10095643,564.4,7.1,53,,140.9,363.4
2007,10071822,533.8,6.6,45.6,,132.7,349
2008,10003422,514.9,5.5,45.1,,132.4,331.9
2009,9969727,499.8,6.2,45.4,,124.6,323.5
2010,9877143,493,5.9,47.9,,116.7,322.5
2011,9876801,442.8,6.2,44,,103.9,288.6
2012,9882519,455,7.1,46.9,,105.5,295.5
2013,9898193,452.2,6.3,45.5,68.5,102,275.3
2014,9909877,427.3,5.4,40.9,63.3,80.9,277.7
,,,,,,,
Estimated crime in Minnesota,,,,,,,
,,,,,,,
,,"Crime rate per 100,000 population",,,,,
,,,,,,,
,,Violent crime,,,,,
,,,,,,,
Year,Population,Violent Crime rate,Murder and nonnegligent manslaughter rate,Legacy rape rate /1,Revised rape rate /2,Robbery rate,Aggravated assault rate
2000,4919479,280.8,3.1,45.5,,75.5,156.7
2001,4984535,263.7,2.4,44.9,,75.4,141.1
2002,5024791,267.2,2.2,45.2,,78.4,141.4
2003,5064172,262.9,2.5,41.3,,77.1,142
2004,5096546,269.8,2.2,41.7,,79.9,146.1
2005,5126739,297,2.2,44,,92.1,158.9
2006,5167101,310.5,2.4,31.8,,105.3,170.9
2007,5197621,289.6,2.2,36,,91.8,159.6
2008,5220393,265.4,2.1,34.6,,80.1,148.6
2009,5266214,244.5,1.4,34,,68.7,140.4
2010,5310658,235.7,1.8,33.9,,63.8,136.2
2011,5347299,230.5,1.4,39.5,,63.3,126.2
2012,5379646,230.9,1.8,30.4,,64.6,134
2013,5422060,234.4,2.1,26.8,37.1,67.8,127.4
2014,5457173,229.1,1.6,26.6,36.7,67.6,123.3
,,,,,,,
Estimated crime in Mississippi,,,,,,,
,,,,,,,
,,"Crime rate per 100,000 population",,,,,
,,,,,,,
,,Violent crime,,,,,
,,,,,,,
Year,Population,Violent Crime rate,Murder and nonnegligent manslaughter rate,Legacy rape rate /1,Revised rape rate /2,Robbery rate,Aggravated assault rate
2000,2844658,360.9,9,35.8,,95,221.1
2001,2859733,349.9,9.9,40.1,,115.2,184.7
2002,2866733,343.9,9.2,39.3,,117.1,178.3
2003,2882594,323.9,9.3,37.4,,104.6,172.6
2004,2900768,295.4,7.8,40,,86.3,161.2
2005,2908496,280,7.4,39.4,,82.7,150.1
2006,2910540,311.8,7.9,35.7,,112,156.2
2007,2918785,291.3,6.9,35.4,,99.2,149.8
2008,2938618,304.3,8,32.6,,104.8,158.9
2009,2951996,286.3,6.6,33.6,,100.6,145.6
2010,2970072,269.3,6.9,31.3,,93.5,137.6
2011,2977457,269,7.8,29,,83.8,148.4
2012,2986450,260.1,7.1,27.4,,76.2,149.3
2013,2992206,277.5,7.3,24.3,34.2,80.6,155.4
2014,2994079,278.5,8.6,25.5,35.3,81.2,153.4
,,,,,,,
Estimated crime in Missouri,,,,,,,
,,,,,,,
,,"Crime rate per 100,000 population",,,,,
,,,,,,,
,,Violent crime,,,,,
,,,,,,,
Year,Population,Violent Crime rate,Murder and nonnegligent manslaughter rate,Legacy rape rate /1,Revised rape rate /2,Robbery rate,Aggravated assault rate
2000,5595211,490,6.2,24.1,,135.8,323.9
2001,5637309,540.5,6.6,24.5,,137.8,371.6
2002,5669544,539,5.8,25.8,,123.9,383.4
2003,5719204,490.8,5.1,24.5,,116.9,344.3
2004,5759532,490.1,6.1,25.7,,115.1,343.1
2005,5797703,526,6.9,28,,124.1,366.6
2006,5842713,545.9,6.3,30.2,,130,379.4
2007,5878415,560.7,6.2,30.4,,131.5,392.7
2008,5911605,502.4,7.7,27.3,,125.1,342.3
2009,5987580,492.9,6.5,26.8,,124.2,335.4
2010,5995715,457.7,7,24.1,,103.2,323.4
2011,6008984,447.5,6.1,24.4,,104.4,312.5
2012,6024522,451.3,6.5,25.3,,96,323.5
2013,6044917,433.7,6.1,27.8,38.1,90.8,298.7
2014,6063589,442.9,6.6,28.1,39.2,92.2,304.8
,,,,,,,
Estimated crime in Montana,,,,,,,
,,,,,,,
,,"Crime rate per 100,000 population",,,,,
,,,,,,,
,,Violent crime,,,,,
,,,,,,,
Year,Population,Violent Crime rate,Murder and nonnegligent manslaughter rate,Legacy rape rate /1,Revised rape rate /2,Robbery rate,Aggravated assault rate
2000,902195,311.1,2.2,34.1,,22.5,252.3
2001,905382,352,3.8,20.8,,25.4,302.1
2002,910372,351.2,1.8,26,,31.1,292.3
2003,918157,365,3.3,26.8,,32.5,302.5
2004,926920,293.8,3.2,29.5,,25.1,235.9
2005,934737,282,1.9,32.2,,18.9,228.7
2006,944632,377.3,3.5,36.8,,24.7,312.3
2007,957861,379.8,2.8,37.9,,24.3,314.8
2008,967440,311.4,4.1,37,,21.1,249.2
2009,974989,287,3.3,36.6,,23.4,223.7
2010,990958,275.8,2.5,33.5,,15.5,224.2
2011,997667,276.1,2.9,36.7,,17.1,219.4
2012,1005494,278.8,2.9,39,,20.1,216.8
2013,1014864,288.1,2.3,37.6,46,21.4,218.5
2014,1023579,323.7,3.6,42,52.9,19.8,247.4
,,,,,,,
Estimated crime in Nebraska,,,,,,,
,,,,,,,
,,"Crime rate per 100,000 population",,,,,
,,,,,,,
,,Violent crime,,,,,
,,,,,,,
Year,Population,Violent Crime rate,Murder and nonnegligent manslaughter rate,Legacy rape rate /1,Revised rape rate /2,Robbery rate,Aggravated assault rate
2000,1711263,327.6,3.7,25.5,,67,231.4
2001,1720039,303.1,2.5,25.1,,65.6,210
2002,1727564,314.2,2.8,26.9,,78.7,205.9
2003,1737475,293.8,3.2,29,,67.1,194.5
2004,1747704,308.6,2.3,35.5,,65.1,205.7
2005,1758163,287,2.5,33,,59.2,192.6
2006,1768331,293.9,2.9,32.6,,64.2,194.1
2007,1774571,311.3,4,31,,62.8,213.5
2008,1783432,312.3,3.9,33.7,,72.7,202
2009,1796619,289.4,2.3,34.3,,67.9,184.8
2010,1830141,278.3,3,36.8,,55.7,182.8
2011,1842234,253.6,3.7,37.9,,53.9,158.1
2012,1855350,258.8,2.8,38.3,,60.8,157
2013,1868969,264.8,3,33.2,45.3,55.4,161.1
2014,1881503,280.4,2.9,33,45.8,55.4,176.2
,,,,,,,
Estimated crime in Nevada,,,,,,,
,,,,,,,
,,"Crime rate per 100,000 population",,,,,
,,,,,,,
,,Violent crime,,,,,
,,,,,,,
Year,Population,Violent Crime rate,Murder and nonnegligent manslaughter rate,Legacy rape rate /1,Revised rape rate /2,Robbery rate,Aggravated assault rate
2000,1998257,524.2,6.5,43,,227.3,247.3
2001,2097722,589.2,8.6,42.1,,235.1,303.4
2002,2167455,639.3,8.4,42.8,,236.1,352
2003,2242207,616,8.8,38.8,,233,335.4
2004,2332898,616.4,7.4,40.9,,210.3,357.8
2005,2412301,608,8.5,42.1,,194.9,361.9
2006,2495529,748.8,9.1,43.8,,282,414
2007,2565382,754.9,7.5,42.7,,270.4,434.2
2008,2600167,729.7,6.3,42.5,,249.4,431.4
2009,2643085,705.2,5.9,38.7,,228.1,432.5
2010,2704283,663,5.8,35.7,,195.9,425.5
2011,2720028,568.1,5.1,33.6,,158.4,371
2012,2754354,608.6,4.5,33.8,,178.6,391.7
2013,2791494,605,5.8,39,53.1,185.7,360.4
2014,2839099,635.6,6,35,47.8,209.7,372.1
,,,,,,,
Estimated crime in New Hampshire,,,,,,,
,,,,,,,
,,"Crime rate per 100,000 population",,,,,
,,,,,,,
,,Violent crime,,,,,
,,,,,,,
Year,Population,Violent Crime rate,Murder and nonnegligent manslaughter rate,Legacy rape rate /1,Revised rape rate /2,Robbery rate,Aggravated assault rate
2000,1235786,175.4,1.8,42.2,,36.7,94.7
2001,1259359,170.2,1.3,36.4,,35.3,97.2
2002,1274405,161.3,0.9,35,,32.4,93
2003,1288705,150.3,1.3,34,,37.2,77.8
2004,1299169,169.5,1.3,35.9,,38.5,93.8
2005,1306819,135,1.5,31.1,,27.9,74.3
2006,1314895,138.8,1,22.4,,33.1,79.2
2007,1315828,144.1,0.9,27.1,,34.3,81.8
2008,1315809,156.1,1.1,29.3,,32,93.8
2009,1324575,160.4,0.8,30.1,,34.3,95.2
2010,1316807,167.4,1,31.2,,34.2,101
2011,1317807,217.3,1.2,44.1,,38.6,133.4
2012,1321617,215,1.1,36.8,,35.6,141.4
2013,1322616,223.2,1.6,39.5,58.8,48.9,113.9
2014,1326813,196.1,0.9,34.5,44.8,40.5,110
,,,,,,,
Estimated crime in New Jersey,,,,,,,
,,,,,,,
,,"Crime rate per 100,000 population",,,,,
,,,,,,,
,,Violent crime,,,,,
,,,,,,,
Year,Population,Violent Crime rate,Murder and nonnegligent manslaughter rate,Legacy rape rate /1,Revised rape rate /2,Robbery rate,Aggravated assault rate
2000,8414350,383.8,3.4,16.1,,161.1,203.2
2001,8511116,388.8,3.9,15,,165.8,204.1
2002,8575252,376.1,4,15.9,,162.7,193.5
2003,8642412,364.3,4.7,14.9,,154.4,190.4
2004,8685166,356.3,4.5,15.3,,150.6,185.9
2005,8703150,355,4.8,13.9,,151.8,184.7
2006,8724560,350.2,4.9,13.8,,153.1,178.4
2007,8685920,328.6,4.4,11.9,,144.7,167.7
2008,8682661,326.5,4.3,12.9,,146.3,163
2009,8707739,311.4,3.7,12,,133.7,162.1
2010,8799593,307.5,4.2,11.1,,134.3,157.8
2011,8834773,307.9,4.3,11.4,,138.2,154
2012,8867749,290.1,4.4,11.7,,128.4,145.7
2013,8911502,288.9,4.5,9.7,13.3,135.6,135.5
2014,8938175,261.2,3.9,10.7,14.3,117.5,125.6
,,,,,,,
Estimated crime in New Mexico,,,,,,,
,,,,,,,
,,"Crime rate per 100,000 population",,,,,
,,,,,,,
,,Violent crime,,,,,
,,,,,,,
Year,Population,Violent Crime rate,Murder and nonnegligent manslaughter rate,Legacy rape rate /1,Revised rape rate /2,Robbery rate,Aggravated assault rate
2000,1819046,757.9,7.4,50.7,,137.4,562.4
2001,1830935,780.4,5.4,46.4,,147.2,581.3
2002,1852044,740.7,8.2,55.5,,119.1,558
2003,1878562,667.3,6.2,50,,103.1,507.9
2004,1903006,687.4,8.9,54.6,,108.4,515.6
2005,1925985,646,7.5,54.1,,98.3,486.5
2006,1954599,654.7,6.9,54.9,,107.2,485.8
2007,1969915,675.7,9.3,52.2,,117.9,496.3
2008,1984356,653.5,8.1,56.3,,108.4,480.6
2009,2009671,632.4,9.9,53.2,,96.1,473.2
2010,2065913,588,6.8,46.4,,78.2,456.6
2011,2078674,572.7,7.6,41.2,,82.7,441.1
2012,2083540,559.6,5.6,45.9,,88.6,419.5
2013,2086895,622.5,5.9,54.4,75,87.8,453.8
2014,2085572,597.4,4.8,51.4,70.7,100,421.8
,,,,,,,
Estimated crime in New York,,,,,,,
,,,,,,,
,,"Crime rate per 100,000 population",,,,,
,,,,,,,
,,Violent crime,,,,,
,,,,,,,
Year,Population,Violent Crime rate,Murder and nonnegligent manslaughter rate,Legacy rape rate /1,Revised rape rate /2,Robbery rate,Aggravated assault rate
2000,18976457,553.9,5,18.6,,213.6,316.7
2001,19084350,513.6,5,18.6,,191.5,298.5
2002,19134293,496.6,4.8,20.3,,191.6,280
2003,19212425,465.8,4.9,19.6,,186.3,255
2004,19280727,440.4,4.6,18.7,,173.8,243.3
2005,19315721,444,4.5,18.8,,182.1,238.9
2006,19306183,435.2,4.8,16.4,,178.5,235.5
2007,19297729,414.4,4.2,15.2,,161.1,233.9
2008,19490297,397.9,4.3,14.4,,163.1,216.1
2009,19541453,384.4,4,13.2,,144,223.1
2010,19395206,394.4,4.5,14.4,,147.6,227.9
2011,19501616,397.2,3.9,14.1,,145.7,233.5
2012,19576125,406.3,3.5,14.5,,146.3,242
2013,19695680,393.8,3.3,13.1,18,138.3,234.2
2014,19746227,381.8,3.1,19.8,27.5,121.8,229.4
,,,,,,,
Estimated crime in North Carolina,,,,,,,
,,,,,,,
,,"Crime rate per 100,000 population",,,,,
,,,,,,,
,,Violent crime,,,,,
,,,,,,,
Year,Population,Violent Crime rate,Murder and nonnegligent manslaughter rate,Legacy rape rate /1,Revised rape rate /2,Robbery rate,Aggravated assault rate
2000,8049313,497.6,7,27.1,,156.5,307
2001,8206105,493.1,6.2,25.4,,162.1,299.4
2002,8305820,471,6.6,26.4,,146.9,291
2003,8421190,454.1,6,25.4,,145.2,277.5
2004,8540468,447.8,6.2,27.4,,138,276.2
2005,8672459,469,6.7,26.5,,145.7,289.7
2006,8856505,475.2,6.1,28.2,,152.1,288.9
2007,9061032,466.1,6.4,26.3,,149.4,283.9
2008,9222414,467.6,6.5,24.9,,155.3,280.9
2009,9380884,404.5,5.2,24.6,,126.1,248.7
2010,9560234,362.7,5,20.9,,100.6,236.2
2011,9651103,346.3,5.2,20.3,,97.9,222.9
2012,9748364,353.5,4.9,20.4,,96.3,231.9
2013,9848917,341,4.7,18.2,25.6,94.2,216.5
2014,9943964,329.5,5.1,17.5,24.3,84.6,215.4
,,,,,,,
Estimated crime in North Dakota,,,,,,,
,,,,,,,
,,"Crime rate per 100,000 population",,,,,
,,,,,,,
,,Violent crime,,,,,
,,,,,,,
Year,Population,Violent Crime rate,Murder and nonnegligent manslaughter rate,Legacy rape rate /1,Revised rape rate /2,Robbery rate,Aggravated assault rate
2000,642200,81.4,0.6,26.3,,8.7,45.8
2001,636550,79.3,1.1,25.8,,9.4,43
2002,633911,78.2,0.8,25.7,,9.1,42.6
2003,633400,80.2,1.4,25.3,,8.4,45.2
2004,636308,87.7,1.3,27.8,,6.8,51.9
2005,634605,111,1.9,28.4,,8.5,72.5
2006,635867,197.4,2.2,37.9,,11.8,145.5
2007,639715,209.9,2.7,39.4,,11.7,156.2
2008,641481,224.6,1.7,51.6,,11.4,159.9
2009,646844,266.4,1.9,45.8,,16.5,202.2
2010,674629,229.5,1.5,36.3,,13.3,178.3
2011,684740,248.1,3.5,38.8,,13.3,192.5
2012,701345,245.7,3.6,39.8,,18.1,184.2
2013,723857,273.4,2.2,39.8,49,22.2,199.9
2014,739482,265.1,3,37.3,48.4,23.4,190.3
,,,,,,,
Estimated crime in Ohio,,,,,,,
,,,,,,,
,,"Crime rate per 100,000 population",,,,,
,,,,,,,
,,Violent crime,,,,,
,,,,,,,
Year,Population,Violent Crime rate,Murder and nonnegligent manslaughter rate,Legacy rape rate /1,Revised rape rate /2,Robbery rate,Aggravated assault rate
2000,11353140,334.1,3.7,37.6,,137.5,155.3
2001,11389785,351.4,4,39.2,,151,157.2
2002,11408699,351.7,4.6,42.2,,156.6,148.3
2003,11437680,333.9,4.6,40.7,,147.7,140.8
2004,11450143,338.7,4.4,41.4,,152.2,140.7
2005,11470685,350,5.1,40.7,,162.8,141.5
2006,11478006,361.5,4.9,41.6,,169.2,145.9
2007,11466917,355.4,4.6,40.6,,160,150.2
2008,11485910,352,4.8,39.4,,162.9,145
2009,11542645,331.9,4.6,35.7,,153.1,138.5
2010,11537968,314.7,4.2,32.3,,142.9,135.3
2011,11541007,305.2,4.3,31.9,,138.6,130.4
2012,11553031,301.5,4.1,33,,133.3,131
2013,11572005,291.4,4.1,31.1,37.9,125.2,124.2
2014,11594163,284.9,4,35.3,43.5,110,127.4
,,,,,,,
Estimated crime in Oklahoma,,,,,,,
,,,,,,,
,,"Crime rate per 100,000 population",,,,,
,,,,,,,
,,Violent crime,,,,,
,,,,,,,
Year,Population,Violent Crime rate,Murder and nonnegligent manslaughter rate,Legacy rape rate /1,Revised rape rate /2,Robbery rate,Aggravated assault rate
2000,3450654,497.8,5.3,41.2,,75.8,375.5
2001,3469577,510.9,5.3,42.8,,79.1,383.6
2002,3489700,504,4.7,45.1,,85,369.2
2003,3506469,506.4,5.9,42.8,,91.9,365.8
2004,3523546,500.5,5.3,44.2,,87.7,363.3
2005,3543442,509,5.3,41.8,,91.2,371
2006,3579212,500.2,5.9,41.6,,87.9,364.9
2007,3617316,504.1,6.2,43.3,,93.8,360.8
2008,3642361,531.5,5.9,40.4,,101.5,383.7
2009,3687050,503.4,6.3,41.6,,91.1,364.3
2010,3760184,481.4,5.2,39.1,,89,348.1
2011,3784163,457.5,5.6,37.3,,86.9,327.7
2012,3815780,474.4,5.8,42.5,,85.1,341
2013,3853118,446.1,5.1,44.5,60.1,78.5,302.4
2014,3878051,406,4.5,32.9,45.8,78.6,277
,,,,,,,
Estimated crime in Oregon,,,,,,,
,,,,,,,
,,"Crime rate per 100,000 population",,,,,
,,,,,,,
,,Violent crime,,,,,
,,,,,,,
Year,Population,Violent Crime rate,Murder and nonnegligent manslaughter rate,Legacy rape rate /1,Revised rape rate /2,Robbery rate,Aggravated assault rate
2000,3421399,350.7,2,37.6,,84.4,226.7
2001,3473441,306.6,2.4,33.8,,79.1,191.3
2002,3520355,292.5,2,35.2,,77.9,177.4
2003,3564330,294.8,1.9,34.2,,79.9,178.8
2004,3591363,298.6,2.5,35.7,,76.6,183.8
2005,3638871,287,2.2,34.8,,68.1,181.9
2006,3700758,284.6,2.4,32.9,,73.3,176.1
2007,3747455,293.9,2,34,,76.4,181.4
2008,3790060,261.4,2.3,31.2,,70.1,157.9
2009,3825657,260.6,2.3,31.4,,65.3,161.5
2010,3838332,251.4,2.5,32.3,,63.1,153.5
2011,3868229,249.3,2.2,32,,57.8,157.3
2012,3899801,247.1,2.3,29.7,,62,153.1
2013,3928068,242.8,2.1,25.5,37.3,60.9,142.5
2014,3970239,232.3,2,26.5,36.7,52.7,140.8
,,,,,,,
Estimated crime in Pennsylvania,,,,,,,
,,,,,,,
,,"Crime rate per 100,000 population",,,,,
,,,,,,,
,,Violent crime,,,,,
,,,,,,,
Year,Population,Violent Crime rate,Murder and nonnegligent manslaughter rate,Legacy rape rate /1,Revised rape rate /2,Robbery rate,Aggravated assault rate
2000,12281054,420,4.9,26.4,,147.8,240.9
2001,12303104,409.9,5.3,28.2,,142.2,234.2
2002,12328827,402.1,5.1,30.3,,139.2,227.6
2003,12370761,397.8,5.2,28.7,,145.3,218.5
2004,12394471,411.5,5.2,28.5,,149.1,228.6
2005,12405348,425,6.1,28.9,,154.9,235.4
2006,12440621,442.3,6,29,,169.6,237.8
2007,12432792,416.7,5.8,27.7,,156.4,226.8
2008,12448279,410,5.7,28,,151.6,224.8
2009,12604767,382.3,5.3,28.8,,138.9,209.4
2010,12717722,366.5,5.1,27.3,,128.8,205.3
2011,12743948,362.4,5,26.2,,126.8,204.4
2012,12764475,355.5,5.5,26.4,,123.3,200.3
2013,12781296,335.1,4.8,21.3,29.7,115.3,185.3
2014,12787209,314.1,4.8,21.8,29.9,105.8,173.5
,,,,,,,
Estimated crime in Rhode Island,,,,,,,
,,,,,,,
,,"Crime rate per 100,000 population",,,,,
,,,,,,,
,,Violent crime,,,,,
,,,,,,,
Year,Population,Violent Crime rate,Murder and nonnegligent manslaughter rate,Legacy rape rate /1,Revised rape rate /2,Robbery rate,Aggravated assault rate
2000,1048319,297.7,4.3,39.3,,88,166.2
2001,1059659,309.3,3.7,39.3,,93,173.4
2002,1068326,285.6,3.8,37,,85.7,159
2003,1076084,285.7,2.3,46.9,,77.1,159.3
2004,1079916,247.5,2.4,29.6,,67.7,147.8
2005,1073579,252,3.2,30.1,,72.3,146.9
2006,1067610,230.4,2.5,27.1,,69.3,131.5
2007,1057832,229.1,1.8,24.4,,71.8,131.1
2008,1050788,252.8,3,26.8,,83.7,139.2
2009,1053209,254.3,3,28.1,,74.5,148.6
2010,1052528,257.4,2.8,28.3,,74.3,152
2011,1050646,246.1,1.9,30.4,,70.8,143.1
2012,1050304,253,3.4,27.8,,68.1,153.7
2013,1053354,257.3,2.9,31.6,42.6,64.8,146.9
2014,1055173,219.2,2.4,24,34.2,50.1,132.5
,,,,,,,
Estimated crime in South Carolina,,,,,,,
,,,,,,,
,,"Crime rate per 100,000 population",,,,,
,,,,,,,
,,Violent crime,,,,,
,,,,,,,
Year,Population,Violent Crime rate,Murder and nonnegligent manslaughter rate,Legacy rape rate /1,Revised rape rate /2,Robbery rate,Aggravated assault rate
2000,4012012,828.1,7.3,41.4,,155,624.5
2001,4062125,815.2,8.1,43.5,,147.4,616.1
2002,4103770,822.7,7.3,47.7,,140.7,627
2003,4148744,806.4,7.3,47.1,,139.8,612.2
2004,4197892,789.9,6.8,42.2,,130.3,610.6
2005,4246933,767,7.4,43.8,,133.2,582.9
2006,4321249,771.1,8.4,42.4,,136.6,583.7
2007,4407709,785.7,8.3,40.2,,144.2,593
2008,4479800,731,6.9,37.6,,147.2,539.3
2009,4561242,675.2,6.7,36.5,,126.1,506
2010,4637106,602.2,5.7,33.4,,108.2,454.8
2011,4673348,596.9,6.8,35.9,,99.1,455
2012,4723417,560.5,7,36.2,,95.5,421.7
2013,4771929,508.5,6.4,36.4,46.8,83.1,372.2
2014,4832482,497.7,6.4,30.6,42.8,82.7,365.8
,,,,,,,
Estimated crime in South Dakota,,,,,,,
,,,,,,,
,,"Crime rate per 100,000 population",,,,,
,,,,,,,
,,Violent crime,,,,,
,,,,,,,
Year,Population,Violent Crime rate,Murder and nonnegligent manslaughter rate,Legacy rape rate /1,Revised rape rate /2,Robbery rate,Aggravated assault rate
2000,754844,166.8,0.9,40.4,,17.4,108.1
2001,758324,154.4,0.9,46.3,,13.6,93.6
2002,760437,177.5,1.4,47.5,,15.4,113.2
2003,764905,173.7,1.3,46.5,,13.6,112.3
2004,770621,171.2,2.2,43.6,,14.5,110.8
2005,774883,179,2.3,48.7,,18.7,109.3
2006,781919,264.9,3.8,59.5,,20.2,181.3
2007,796214,241.9,3.9,54.4,,14.8,168.8
2008,804194,276.9,4.6,69.9,,16.7,185.8
2009,812383,218.7,3.7,61.7,,14.4,139
2010,816598,268.9,2.8,47.1,,18.9,200.1
2011,823593,255.6,2.4,61.1,,20.3,171.8
2012,834047,323.8,2.8,71.9,,18.8,230.3
2013,845510,323.2,2.1,53.7,60,18.5,242.7
2014,853175,326.5,2.3,48.4,55.1,23.4,245.7
,,,,,,,
Estimated crime in Tennessee,,,,,,,
,,,,,,,
,,"Crime rate per 100,000 population",,,,,
,,,,,,,
,,Violent crime,,,,,
,,,,,,,
Year,Population,Violent Crime rate,Murder and nonnegligent manslaughter rate,Legacy rape rate /1,Revised rape rate /2,Robbery rate,Aggravated assault rate
2000,5689283,707.2,7.2,38.4,,166.4,495.2
2001,5749398,744,7.4,38.2,,177.7,520.7
2002,5789796,717.8,7.3,39.6,,162.6,508.5
2003,5845208,691.3,6.8,36.4,,161,487.1
2004,5893298,697.6,6.1,38.7,,150.4,502.5
2005,5955745,757,7.2,36.8,,168.1,545.2
2006,6038803,762.5,6.9,36.3,,184.5,534.7
2007,6156719,755,6.6,35.7,,179.2,533.4
2008,6214888,722.7,6.6,33.4,,173.8,508.8
2009,6296254,666,7.4,32.1,,153.3,473.2
2010,6357436,612,5.6,34.2,,131.5,440.7
2011,6399787,607.8,5.9,32.7,,126.3,442.8
2012,6454914,638.5,6.2,31.7,,126.3,474.3
2013,6497269,585.8,5.2,29.3,38.5,112.9,429.3
2014,6549352,608.4,5.7,28.4,38.6,110.9,453.2
,,,,,,,
Estimated crime in Texas,,,,,,,
,,,,,,,
,,"Crime rate per 100,000 population",,,,,
,,,,,,,
,,Violent crime,,,,,
,,,,,,,
Year,Population,Violent Crime rate,Murder and nonnegligent manslaughter rate,Legacy rape rate /1,Revised rape rate /2,Robbery rate,Aggravated assault rate
2000,20851820,545.1,5.9,37.7,,145.1,356.3
2001,21370983,571.6,6.2,38.2,,165.4,361.7
2002,21736925,579.7,6,39.1,,172.9,361.7
2003,22103374,553.1,6.4,36.3,,167.5,342.9
2004,22471549,540.9,6.1,37.3,,159.4,338.1
2005,22928508,528,6.1,37.1,,156.1,328.8
2006,23507783,517.3,5.9,35.9,,158.5,317
2007,23904380,510.4,5.9,35.4,,162.2,306.9
2008,24326974,508,5.6,33.1,,155.1,314.1
2009,24782302,491,5.4,33.5,,153.4,298.7
2010,25253466,448.4,4.9,30.2,,130.1,283.2
2011,25631778,408.6,4.4,29.2,,111.7,263.3
2012,26060796,408.6,4.4,29.6,,116.6,258
2013,26505637,410.3,4.3,28.7,39.4,120,246.6
2014,26956958,405.9,4.4,30.6,42.3,115.7,243.6
,,,,,,,
Estimated crime in Utah,,,,,,,
,,,,,,,
,,"Crime rate per 100,000 population",,,,,
,,,,,,,
,,Violent crime,,,,,
,,,,,,,
Year,Population,Violent Crime rate,Murder and nonnegligent manslaughter rate,Legacy rape rate /1,Revised rape rate /2,Robbery rate,Aggravated assault rate
2000,2233169,255.7,1.9,38.6,,55.6,159.5
2001,2278712,233.2,2.9,39.3,,52.5,138.4
2002,2318789,236.7,2,40.7,,49.2,144.8
2003,2352119,250.4,2.6,39.1,,53.5,155.3
2004,2420708,233.3,1.9,39.9,,51.1,140.4
2005,2490334,225,2.2,36.9,,44,142.2
2006,2550063,226.3,2,34.9,,48.7,140.7
2007,2645330,239.9,2.2,35.3,,53.9,148.5
2008,2736424,225.3,1.5,33.4,,51.9,138.4
2009,2784572,215.4,1.4,33.8,,46.8,133.4
2010,2775479,213.5,1.9,35.4,,45.7,130.4
2011,2814347,197.1,1.8,32,,38.3,125
2012,2854871,208,1.8,34.2,,38.7,133.4
2013,2902787,228.9,1.8,31.9,52.4,43,131.7
2014,2942902,215.6,2.3,32.1,49.4,44.6,119.4
,,,,,,,
Estimated crime in Vermont,,,,,,,
,,,,,,,
,,"Crime rate per 100,000 population",,,,,
,,,,,,,
,,Violent crime,,,,,
,,,,,,,
Year,Population,Violent Crime rate,Murder and nonnegligent manslaughter rate,Legacy rape rate /1,Revised rape rate /2,Robbery rate,Aggravated assault rate
2000,608827,113.5,1.5,23,,19.2,69.8
2001,612978,105.1,1.1,17.5,,17.5,69
2002,616408,106.7,2.1,20.4,,12.5,71.7
2003,619343,114.2,2.4,20.3,,10,81.4
2004,621233,114.8,2.6,25.8,,12.6,73.9
2005,622387,126,1.3,24.6,,12.2,87.6
2006,623908,145.1,2.2,27.7,,18.3,96.8
2007,621254,129.1,2.1,20.6,,12.7,93.7
2008,621270,137.5,2.7,21.4,,15,98.3
2009,621760,134.6,1.3,21.2,,17.9,94.2
2010,625909,131,1.1,22.5,,12.1,95.2
2011,626592,147.6,1.8,23.3,,15.8,106.8
2012,625953,142.3,1.3,20.9,,18.2,101.9
2013,626855,123.6,1.6,18,21.7,12,88.4
2014,626562,99.3,1.6,15.8,17.6,11.2,68.9
,,,,,,,
Estimated crime in Virginia,,,,,,,
,,,,,,,
,,"Crime rate per 100,000 population",,,,,
,,,,,,,
,,Violent crime,,,,,
,,,,,,,
Year,Population,Violent Crime rate,Murder and nonnegligent manslaughter rate,Legacy rape rate /1,Revised rape rate /2,Robbery rate,Aggravated assault rate
2000,7078515,281.7,5.7,22.8,,88.9,164.3
2001,7196750,291,5.1,24.6,,95.3,166
2002,7287829,291.7,5.3,25.2,,95.5,165.6
2003,7365284,278.2,5.6,24.5,,91.1,156.9
2004,7481332,275.5,5.2,24.3,,92.2,153.8
2005,7564327,283,6.1,23.3,,99.1,154.9
2006,7642884,283.7,5.3,23.9,,101.8,152.7
2007,7712091,272.8,5.4,23.2,,99.8,144.3
2008,7769089,257.8,4.8,23.1,,96.2,133.8
2009,7882590,230.8,4.7,19.9,,80.5,125.7
2010,8023953,214.2,4.7,19.7,,70.8,119
2011,8104384,197.6,3.8,19.6,,66.9,107.3
2012,8186628,191.5,3.9,18.4,,57.6,111.5
2013,8270345,197.8,3.9,17.8,28.4,55.3,110.2
2014,8326289,196.2,4.1,17.2,27.7,51.5,112.9
,,,,,,,
Estimated crime in Washington,,,,,,,
,,,,,,,
,,"Crime rate per 100,000 population",,,,,
,,,,,,,
,,Violent crime,,,,,
,,,,,,,
Year,Population,Violent Crime rate,Murder and nonnegligent manslaughter rate,Legacy rape rate /1,Revised rape rate /2,Robbery rate,Aggravated assault rate
2000,5894121,369.7,3.3,46.4,,98.6,221.3
2001,5993390,354.7,3,43.4,,99,209.3
2002,6067060,345.5,3,45.1,,95.5,201.9
2003,6131298,346.9,3,46.7,,93.3,204
2004,6207046,343.6,3.1,46,,94.5,200
2005,6291899,346,3.3,44.7,,92,205.7
2006,6395798,348.7,3.1,43,,100.4,202.2
2007,6468424,336.5,2.7,41,,94,198.8
2008,6549224,334.2,2.9,40.5,,98,192.7
2009,6664195,336.3,2.9,38.8,,100.7,194
2010,6742950,313.5,2.3,38.2,,87.9,185
2011,6823267,295.3,2.4,34,,82.5,176.5
2012,6895318,298.1,3.1,32.6,,84.1,178.2
2013,6973742,290,2.4,29.7,37.3,83.6,166.7
2014,7061530,285.2,2.5,30.7,38.2,79.9,164.7
,,,,,,,
Estimated crime in West Virginia,,,,,,,
,,,,,,,
,,"Crime rate per 100,000 population",,,,,
,,,,,,,
,,Violent crime,,,,,
,,,,,,,
Year,Population,Violent Crime rate,Murder and nonnegligent manslaughter rate,Legacy rape rate /1,Revised rape rate /2,Robbery rate,Aggravated assault rate
2000,1808344,316.5,2.5,18.3,,41.4,254.2
2001,1800975,279.6,2.2,17.8,,39.3,220.3
2002,1804884,233.9,3.2,18.2,,36.4,176.1
2003,1811440,255.4,4,17.2,,38.7,195.5
2004,1812548,281.9,3.8,19.1,,42.7,216.4
2005,1814083,274,4.5,18.5,,45,205.9
2006,1818470,281.2,4.4,22.2,,46.9,207.6
2007,1812035,276.8,3.6,21.4,,46.7,205.1
2008,1814468,275.9,3.7,21.4,,49.4,201.4
2009,1819777,305.2,4.6,25.8,,50.2,224.5
2010,1854368,301.2,3.1,19.5,,41.8,236.7
2011,1854908,296.3,4.7,20.1,,43.2,228.4
2012,1856680,320.1,3.8,22.4,,45,249
2013,1853595,305.2,3.3,19.8,37.8,35.2,228.9
2014,1850326,302,4,15.4,27.3,35.2,235.5
,,,,,,,
Estimated crime in Wisconsin,,,,,,,
,,,,,,,
,,"Crime rate per 100,000 population",,,,,
,,,,,,,
,,Violent crime,,,,,
,,,,,,,
Year,Population,Violent Crime rate,Murder and nonnegligent manslaughter rate,Legacy rape rate /1,Revised rape rate /2,Robbery rate,Aggravated assault rate
2000,5363675,236.8,3.2,21.7,,84.6,127.3
2001,5405947,231,3.6,21.1,,82.2,124.1
2002,5439692,225,2.8,22.7,,86.6,112.8
2003,5474290,221.1,3.3,22,,80.3,115.5
2004,5503533,209.8,2.8,20.6,,73.9,112.5
2005,5527644,242,3.7,20.5,,82.4,135.2
2006,5556506,286.1,3,22.2,,100.1,160.8
2007,5601640,291.5,3.3,21.9,,97.8,168.5
2008,5627967,275.5,2.6,20,,91.7,161.2
2009,5654774,259.1,2.6,19.8,,86.7,150
2010,5691659,248.9,2.7,20.9,,79.3,145.9
2011,5709843,249.9,2.4,20.8,,80.6,146.1
2012,5724554,283.9,3,21.5,,82,177.6
2013,5742953,280.7,2.8,22.8,32,84.2,161.7
2014,5757564,290.3,2.9,20.3,29.1,88,170.4
,,,,,,,
Estimated crime in Wyoming,,,,,,,
,,,,,,,
,,"Crime rate per 100,000 population",,,,,
,,,,,,,
,,Violent crime,,,,,
,,,,,,,
Year,Population,Violent Crime rate,Murder and nonnegligent manslaughter rate,Legacy rape rate /1,Revised rape rate /2,Robbery rate,Aggravated assault rate
2000,493782,266.5,2.4,32.4,,14.2,217.5
2001,493754,257.6,1.8,31,,17,207.8
2002,498830,273.4,3,29.7,,18.6,222.1
2003,502111,261.7,2.8,27.1,,16.7,215.1
2004,505887,229.9,2.2,22.1,,13.2,192.3
2005,508798,230,2.8,24,,15.3,188.3
2006,515004,253.8,2.5,29.3,,14,208
2007,522830,257.1,4,32.9,,16.1,204.1
2008,532668,249.7,2.3,34.7,,16.3,196.4
2009,544270,219.7,2,31.6,,14.3,171.8
2010,564554,197.9,1.4,28.7,,13.6,154.1
2011,567356,219.4,3.2,25.7,,12.5,178
2012,576626,201.3,2.4,26.7,,10.6,161.6
2013,583223,207.8,2.9,24.7,35,12.7,157.2
2014,584153,195.5,2.7,21.6,29.8,9.1,153.9
,,,,,,,
Estimated crime in United States-Total,,,,,,,
,,,,,,,
,,"Crime rate per 100,000 population",,,,,
,,,,,,,
,,Violent crime,,,,,
,,,,,,,
Year,Population,Violent Crime rate,Murder and nonnegligent manslaughter rate,Legacy rape rate /1,Revised rape rate /2,Robbery rate,Aggravated assault rate
2000,281421906,506.5,5.5,32,,145,324
2001,285317559,504.5,5.6,31.8,,148.5,318.6
2002,287973924,494.4,5.6,33.1,,146.1,309.5
2003,290788976,475.8,5.7,32.3,,142.5,295.4
2004,293656842,463.2,5.5,32.4,,136.7,288.6
2005,296507061,469,5.6,31.8,,140.8,290.8
2006,299398484,479.3,5.8,31.6,,150,292
2007,301621157,471.8,5.7,30.6,,148.3,287.2
2008,304059724,458.6,5.4,29.8,,145.9,277.5
2009,307006550,431.9,5,29.1,,133.1,264.7
2010,309330219,404.5,4.8,27.7,,119.3,252.8
2011,311587816,387.1,4.7,27,,113.9,241.5
2012,313873685,387.8,4.7,27.1,,113.1,242.8
2013,316497531,379.1,4.5,25.9,35.9,109,229.6
2014,318857056,375.7,4.5,26.4,36.6,102.2,232.5
,,,,,,,
,,,,,,,
"		",,,,,,,
"		","1. The figures shown in this column for the offense of rape were estimated using the legacy UCR definition of rape - previously known as ""Forcible"" rape.  See UCR Offense Definitions for further information.",,,,,,
"		",,,,,,,
"		",2. The figures shown in this column for the offense of rape were estimated using the revised Uniform Crime Reporting (UCR) definition of rape. In December 2011 the UCR program changed its definition of SRS rape to this revised definition. This change can be seen in the UCR data starting in 2013. Prior to 2013 this column will be blank. See UCR Offense Definitions for further information.,,,,,,
"		",,,,,,,
"		",,,,,,,
"		",Notes:,National or state offense totals are based on data from all reporting agencies and estimates for unreported areas.,,,,,
,,,,,,,
"           Rates are the number of reported offenses per 100,000 population  ",,,,,,,
 ,,,,,,,
,,United States-Total - ,,,,,
 ,,,,,,,
,,The 168 murder and nonnegligent homicides that occurred as a result of the bombing of the Alfred P. Murrah Federal Building in Oklahoma City in 1995 are included in the national estimate. ,,,,,
,,"The 2,823 murder and nonnegligent homicides that occurred as a result of the events of September 11, 2001, are not included in the national estimates.  ",,,,,
 ,,,,,,,
,,Alabama - ,,,,,
 ,,,,,,,
,,"2011 - because of changes in the state's reporting practices, figures are not comparable to previous years' data.  ",,,,,
 ,,,,,,,
,,Delaware - ,,,,,
 ,,,,,,,
,,"Since complete 1995 data were not available from Delaware, standard estimation procedures were applied to derive the 1995 state estimate. ",,,,,
,,The state UCR Program was unable to provide 1998 forcible rape figures in accordance with national UCR guidelines.  The 1998 forcible rape total for Delaware was estimated by reducing the number of reported offenses by the proportion of male forcible rape victims statewide.  ,,,,,
 ,,,,,,,
,,"District of Columbia - ",,,,,
 ,,,,,,,
,,"1999-2008 District of Columbia data include reports from the Zoological Police ",,,,,
,,"2002-2008 data include reports from the Metro Transit Police ",,,,,
,,"2012 data includes offenses reported by the Zoological Police and the Metro Transit Police.  ",,,,,
 ,,,,,,,
,,Florida - ,,,,,
 ,,,,,,,
,,"Reporting problems at the state resulted in no usable 1988 data.  The state total was estimated by updating previous valid annual totals for individual jurisdictions, subdivided by population group.  Percent changes for each offense within each population group of the geographic division in which the state resides was applied to the previous valid annual totals.  The state total was compiled from the sums of the population group estimates. ",,,,,
,,The state UCR Program was unable to provide complete 1996 offense figures in accordance with UCR guidelines.  The state UCR Program was able to provide an aggregated state total and data were received from 94 individual Florida agencies.  ,,,,,
 ,,,,,,,
,,Illinois - ,,,,,
 ,,,,,,,
,,"The state UCR Program was unable to provide 1985-current forcible rape figures in accordance with national UCR Program guidelines.  The rape totals were estimated using national rates per 100,000 inhabitants within the eight population groups and assigning the forcible rape volumes proportionally to the state.  Rockford, Illinois, has provided valid forcible rape counts as of 2006. ",,,,,
,,"For 1993 state NIBRS conversion efforts resulted in estimation for Illinois.  Since valid annual totals were available for approximately 60 Illinois agencies, those counts were maintained.  The counts for the remaining jurisdictions were replaced with the most recent valid annual totals or were generated using standard estimation procedures.  The results of all sources were then combined to arrive at the 1993 state total for Illinois. ",,,,,
,,"For 1994 state NIBRS conversion efforts resulted in estimation for Illinois.  Illinois totals were generated using only the valid crime rates for the East North Central Division.  Within each population group, the state's offense totals were estimated based on the rate per 100,000 inhabitants within the remainder of the division.   ",,,,,
,,"For 1996-current, the state UCR Program was unable to provide complete offense figures in accordance with UCR guidelines.  Valid Part I counts were available for most of the largest cities (100,000 and over in population).  For other agencies, the only available counts generated by the Illinois State Program were state totals based upon an incident-level system without indication of multiple offenses recorded within single incidents.  Therefore, the UCR Hierarchy Rule could not be applied in order to convert the state's data to Summary Reporting System data.  (The Hierarchy Rule requires that only the most serious offense in a multiple-offense criminal incident is counted.)  To arrive at a comparable state estimate to be included in national compilations, the Illinois State Program's state totals (which were inflated because of the nonapplication of the Hierarchy Rule) were reduced by the proportion of multiple offenses reported within single incidents in the NIBRS database.  Valid totals for the large cities were excluded from the reduction process.  ",,,,,
 ,,,,,,,
,,"Iowa - NIBRS conversion efforts resulted in estimation for Iowa in 1991.  State totals were estimated by updating previous valid annual totals for individual jurisdictions, subdivided by population group.  Percent changes for each offense within each population group of the West North Central Division were applied to the previous valid annual totals.  The state totals were compiled from the sums of the population group estimates.",,,,,
  ,,,,,,,
 ,,,,,,,
,,Kansas - ,,,,,
 ,,,,,,,
,,"NIBRS conversion efforts resulted in estimation for Kansas in 1993.  State totals were estimated by updating previous valid annual totals for individual jurisdictions, subdivided by population group.  Percent changes for each offense within each population group of the West North Central Division were applied to the previous valid annual totals.  The state totals were compiled from the sums of the population group estimates.  ",,,,,
,,"NIBRS conversion efforts resulted in estimation for Kansas in 1994.  State totals were generated using only the valid crime rates for the West North Central Division.  Within each population group, the state's offense totals were estimated based on the rate per 100,000 inhabitants within the remainder of the division.   ",,,,,
,,The state UCR Program was unable to provide complete 1995 offense figures in accordance with UCR guidelines.  The state UCR Program was able to provide valid 1994 state totals which were then updated using 1995 crime trends for the West North Central Division.   ,,,,,
,,The state UCR Program was unable to provide complete 1996 offense figures in accordance with UCR guidelines.  The Kansas state estimate was extrapolated from 1996 January-June state totals provided by the Kansas State UCR Program.   ,,,,,
,,The state UCR Program was unable to provide complete 1997 offense figures in accordance with UCR guidelines.  The Kansas state estimate was extrapolated from 1996 January-June state totals provided by the Kansas State UCR Program.   ,,,,,
,,"The state UCR Program was unable to provide complete 1998 offense figures in accordance with UCR guidelines.  To arrive at 1998 estimates, 1997 state totals supplied by the Kansas State UCR Program were updated using 1998 crime trends for the West North Central Division. ",,,,,
,,"The state UCR Program was unable to provide complete 1999 offense figures in accordance with UCR guidelines.  To arrive at the 1999 estimate for Kansas, the 1998 state total supplied by the state UCR Program was updated using 1999 crime trends for the division in which Kansas is located.  ",,,,,
,,"The state UCR Program was unable to provide complete 2000 offense figures in accordance with UCR guidelines.  To arrive at the 2000 estimate for Kansas, the 1999 state estimate was updated using 2000 crime trends for the West North Central Division.  ",,,,,
 ,,,,,,,
,,Kentucky - ,,,,,
 ,,,,,,,
,,"Reporting problems at the state resulted in no usable 1988 data.  The state total was estimated by updating previous valid annual totals for individual jurisdictions, subdivided by population group.  Percent changes for each offense within each population group of the geographic division in which the state resides was applied to the previous valid annual totals.  The state total was compiled from the sums of the population group estimates.   ",,,,,
,,The state UCR Program was unable to provide complete 1996 offense figures in accordance with UCR guidelines.  The 1995 and 1996 percent changes within the geographic division in which Kentucky is categorized were applied to the valid 1995 state total to generate the 1996 state total.  ,,,,,
,,The state UCR Program was unable to provide complete 1997 offense figures in accordance with UCR guidelines.  The 1996 and 1997 percent changes within the geographic division in which Kentucky is categorized were applied to the valid 1996 state total to effect the 1997 state total.  ,,,,,
,,The state UCR Program was unable to provide complete 1998 offense figures in accordance with UCR guidelines.  The state total was estimated by using 1997 figures for the nonreporting areas and applying 1997 versus 1998 percentage changes for the division in which Kentucky is located.  The estimates for the nonreporting areas were then increased by any actual 1998 crime counts received. ,,,,,
,,"The state UCR Program was unable to provide complete 1999 offense figures in accordance with UCR guidelines.  To arrive at the 1999 estimate for Kentucky, the 1998 state total supplied by the state UCR Program was updated using 1999 crime trends for the division in which Kentucky is located.  ",,,,,
,,"The state UCR Program was unable to provide complete 2000 offense figures in accordance with UCR guidelines.  To arrive at the 2000 estimate for Kentucky, the 1999 state total supplied by the state UCR Program was updated using 2000 crime trends for the division in which Kentucky is located.  ",,,,,
,,"The state UCR Program was unable to provide complete 2001 offense figures in accordance with UCR guidelines.  To arrive at the 2001 estimate for Kentucky, the 2000 state estimate was updated using 2001 crime trends reported for the East South Central Division.   ",,,,,
,,"The state UCR Program was unable to provide complete 2002 offense figures in accordance with UCR guidelines.  To obtain the 2002 state crime count, the FBI contacted the state UCR Program, and the state agency was able to provide their latest state total, 2000.  Therefore, the 2001 state estimate was updated for inclusion in the 2002 edition of Crime in the United States by using the 2001 crime trends for the division in which the state is located.  To derive the 2002 state estimate, the 2002 crime trends for the division were applied to the adjusted 2001 state estimate.  ",,,,,
,,"The state UCR Program was unable to provide complete 2003 offense figures in accordance with UCR guidelines.  To obtain the 2003 estimate, the 2003 crime trend for the East South Central Division was applied to an adjusted 2002 state estimate.  The 2002 state count was reestimated by applying the 2002 crime trend for the East South Central Division using a more current figure, 2001 state totals, provided by the state UCR Program.  The adjusted 2002 estimate differs from the figure published in the 2002 edition of Crime in the United States which was originally estimated using 2002 state totals  ",,,,,
 ,,,,,,,
,,"Maine - The state UCR Program was unable to provide complete 1999 offense figures in accordance with UCR guidelines.  The Maine Department of Public Safety forwarded monthly January through October crime counts for each law enforcement contributor; since 12 months of data were not received, the national Program estimated for the missing data following standard estimation procedures to arrive at a 1999 state total.",,,,,
  ,,,,,,,
 ,,,,,,,
,,"Michigan - The state UCR Program was unable to provide 1993 forcible rape figures in accordance with UCR guidelines.  The rape totals were estimated using national rates per 100,000 inhabitants within the eight population groups and assigning the forcible rape volumes proportionally to the state.",,,,,
  ,,,,,,,
 ,,,,,,,
,,Minnesota - ,,,,,
 ,,,,,,,
,,"All agencies 1993 and 2005-Present (with the exception of Minneapolis and St. Paul) - The data collection methodology for the offense of forcible rape used by the State Uniform Crime Reporting (UCR) Program does not comply with national UCR Program guidelines. Consequently, their figures for forcible rape and violent crime (of which forcible rape is part) are not included in this tool.  ",,,,,
 ,,,,,,,
,,Montana - ,,,,,
 ,,,,,,,
,,"The state UCR Program was unable to provide complete 1994 offense figures in accordance with UCR guidelines.  State totals were estimated by updating previous valid annual totals for individual jurisdictions, subdivided by population group.  Percent changes for each offense within each population group of the Mountain Division were applied to the previous valid annual totals.  The state totals were compiled from the sums of the population group estimates.   ",,,,,
,,The state UCR Program was unable to provide complete 1995 offense figures in accordance with UCR guidelines.  State estimates were computed by updating the previous valid annual totals using the 1994 versus 1995 percent changes for the Mountain Division. ,,,,,
,,The state UCR Program was unable to provide complete 1996 offense figures in accordance with UCR guidelines.  The 1995 and 1996 percent changes within the geographic division in which Montana is categorized were applied to the valid 1995 state total to generate the 1996 state total.  ,,,,,
,,The state UCR Program was unable to provide complete 1997 offense figures in accordance with UCR guidelines.  The 1996 and 1997 percent changes within the geographic division in which Montana is categorized were applied to the valid 1996 state total to effect the 1997 state total.  ,,,,,
,,The state UCR Program was unable to provide complete 1998 offense figures in accordance with UCR guidelines.  The state total was estimated by using 1997 figures for the nonreporting areas and applying 1997 versus 1998 percentage changes for the division in which Montana is located.  The estimates for the nonreporting areas were then increased by any actual 1998 crime counts received. ,,,,,
,,"The state UCR Program was unable to provide complete 1999 offense figures in accordance with UCR guidelines.  To arrive at the 1999 estimate for Montana, the 1998 state total supplied by the state UCR Program was updated using 1999 crime trends for the division in which Montana is located. ",,,,,
,,"The state UCR Program was unable to provide complete 2000 offense figures in accordance with UCR guidelines.  To arrive at the 2000 estimate for Montana, the 1999 state total supplied by the state UCR Program was updated using 2000 crime trends for the division in which Montana is located. ",,,,,
,,"2011 - because of changes in the state's reporting practices, figures are not comparable to previous years' data.  ",,,,,
 ,,,,,,,
,,New Hampshire - ,,,,,
 ,,,,,,,
,,The state UCR Program was unable to provide complete 1997 offense figures in accordance with UCR guidelines.  The 1996 and 1997 percent changes within the geographic division in which New Hampshire is categorized were applied to the valid 1996 state total to effect the 1997 state total.   ,,,,,
,,The state UCR Program was unable to provide complete 1998 offense figures in accordance with UCR guidelines.  The state total was estimated by using 1997 figures for the nonreporting areas and applying 1997 versus 1998 percentage changes for the division in which New Hampshire is located.  The estimates for the nonreporting areas were then increased by any actual 1998 crime counts received. ,,,,,
,,The state UCR Program was unable to provide complete 1999 offense figures in accordance with UCR guidelines.  The state total for New Hampshire was estimated by using the 1998 figures for the 1999 nonreporting areas and applying the 2-year percent change for the New England Division.  ,,,,,
 ,,,,,,,
,,New York - ,,,,,
 ,,,,,,,
,,"2012 - because of changes in the state/local agency's reporting practices, figures are not comparable to previous years' data.  ",,,,,
 ,,,,,,,
,,"Oklahoma - For 1995, the increase in murders was the result of the bombing of the Alfred P. Murrah Federal Building in Oklahoma City.",,,,,
  ,,,,,,,
 ,,,,,,,
,,"Pennsylvania - Since complete 1995 data were not available from Pennsylvania, standard estimation procedures were applied to derive the 1995 state estimate.",,,,,
  ,,,,,,,
 ,,,,,,,
,,Vermont - The state UCR Program was unable to provide complete 1997 offense figures in accordance with UCR guidelines.  The 1996 and 1997 percent changes within the geographic division in which Vermont is categorized were applied to the valid 1996 state total to effect the 1997 state total.,,,,,
  ,,,,,,,
 ,,,,,,,
,,Wisconsin - The state UCR Program was unable to provide complete 1998 offense figures in accordance with UCR guidelines.  The state total was estimated by using 1997 figures for the nonreporting areas and applying 1997 versus 1998 percentage changes for the division in which Wisconsin is located.  The estimates for the nonreporting areas were then increased by any actual 1998 crime counts received.,,,,,
 ,,,,,,,
,,,,,,,
"Sources: FBI, Uniform Crime Reports, prepared by the National Archive of Criminal Justice Data ",,,,,,,
Date of download: May 24 2017 ,,,,,,,
